[
    {
        "name": "Little Ghosts",
        "tag": "@ghosts_little",
        "img": "./twitter/1.jpg",
        "link": "https://twitter.com/ghosts_little"
    },
    {
        "name": "1vanking",
        "tag": "@1vanking",
        "img": "./twitter/2.jpg",
        "link": "https://twitter.com/1vanking"
    },
    {
        "name": "pixelLenin",
        "tag": "@pixelLenin",
        "img": "./twitter/3.jpg",
        "link": "https://twitter.com/pixelLenin"
    },
    {
        "name": "Davydov Roman",
        "tag": "@RaD8000",
        "img": "./twitter/4.png",
        "link": "https://twitter.com/RaD8000"
    },
    {
        "name": "Tanya Tanyusha",
        "tag": "@homahoy",
        "img": "./twitter/5.jpg",
        "link": "https://twitter.com/homahoy"
    },
    {
        "name": "SupapleX",
        "tag": "@ilivecreative",
        "img": "./twitter/6.jpg",
        "link": "https://twitter.com/ilivecreative"
    },
    {
        "name": "ILNUR",
        "tag": "@shaniiazovilnur",
        "img": "./twitter/7.jpg",
        "link": "https://twitter.com/shaniiazovilnur"
    },
    {
        "name": "sicko universe",
        "tag": "@SICKO_UNIVERSE",
        "img": "./twitter/8.jpg",
        "link": "https://twitter.com/SICKO_UNIVERSE"
    },
    {
        "name": "Bad🦊Lab",
        "tag": "@BadFoxLab",
        "img": "./twitter/9.jpg",
        "link": "https://twitter.com/BadFoxLab"
    },
    {
        "name": "Crypto Hunkz",
        "tag": "@CryptoHunkz",
        "img": "./twitter/10.jpg",
        "link": "https://twitter.com/CryptoHunkz"
    },
    {
        "name": "💫Sister",
        "tag": "@sister_sailor",
        "img": "./twitter/11.jpg",
        "link": "https://twitter.com/sister_sailor"
    },
    {
        "name": "ARMILK88",
        "tag": "@armilk88",
        "img": "./twitter/12.jpg",
        "link": "https://twitter.com/armilk88"
    },
    {
        "name": "Evgeny Pirogov",
        "tag": "@whitebitcoiin",
        "img": "./twitter/13.jpg",
        "link": "https://twitter.com/whitebitcoiin"
    },
    {
        "name": "Chubby Little Bunny",
        "tag": "@CLBunny1225",
        "img": "./twitter/14.jpg",
        "link": "https://twitter.com/CLBunny1225"
    },
    {
        "name": "Deepologic",
        "tag": "@deepologic",
        "img": "./twitter/15.jpg",
        "link": "https://twitter.com/deepologic"
    },
    {
        "name": "KodaDot",
        "tag": "@KodaDot",
        "img": "./twitter/16.jpg",
        "link": "https://twitter.com/KodaDot"
    },
    {
        "name": "💎TON PUNKS",
        "tag": "@TonPunks",
        "img": "./twitter/17.jpg",
        "link": "https://twitter.com/TonPunks"
    },
    {
        "name": "damsky",
        "tag": "@damsky001",
        "img": "./twitter/18.jpg",
        "link": "https://twitter.com/damsky001"
    },
    {
        "name": "Stoned Tigers",
        "tag": "@Stoned_Tigers",
        "img": "./twitter/19.jpg",
        "link": "https://twitter.com/Stoned_Tigers"
    }
]